<?xml version="1.0"?>
<opencv_storage>
<mat_array>
  <_ type_id="opencv-matrix">
    <rows>2</rows>
    <cols>3</cols>
    <dt>f</dt>
    <data>
      1. 0. 100. 0. 1. 100.</data></_>
  <_ type_id="opencv-matrix">
    <rows>1</rows>
    <cols>3</cols>
    <dt>f</dt>
    <data>
      1. 0. 1.</data></_>
  <_ type_id="opencv-matrix">
    <rows>3</rows>
    <cols>3</cols>
    <dt>f</dt>
    <data>
      1. 1. 1. 1. 1. 1. 1. 1. 1.</data></_>
  <_ type_id="opencv-matrix">
    <rows>3</rows>
    <cols>3</cols>
    <dt>f</dt>
    <data>
      1. 1. 1. 1. 1. 1. 1. 1. 1.</data></_>
  <_ type_id="opencv-matrix">
    <rows>3</rows>
    <cols>3</cols>
    <dt>f</dt>
    <data>
      1. 1. 1. 1. 1. 1. 1. 1. 1.</data></_>
  <_ type_id="opencv-matrix">
    <rows>3</rows>
    <cols>3</cols>
    <dt>d</dt>
    <data>
      1. 0. 100. 0. 1. 100. 0. 0. 1.</data></_>
  <_ type_id="opencv-matrix">
    <rows>3</rows>
    <cols>1</cols>
    <dt>f</dt>
    <data>
      1. 1. 1.</data></_></mat_array>
</opencv_storage>
